id,name,service_id,location_id,service_at_location_id,weekday,valid_from,valid_to,dtstart,until,wkst,freq,interval,byday,byweekno,bymonthday,byyearday,description
575335889760211,"Martha's Table at the Maycroft - Early Learning Center Infant, Toddler & Preschool Program",667387929525624,988814873768650,,"Monday - Friday",,,7:00AM,6:00PM,,,,,,,,
590727816513854,"Elaine Ellis - MD - Tue",778121485505827,1020706673677182,,Tuesday,,,9:00AM,8:00PM,,,,,,,,
590727816513854,"Elaine Ellis - MD - Tue",891245636047663,1020706673677182,,Tuesday,,,9:00AM,8:00PM,,,,,,,,
590727816513854,"Elaine Ellis - MD - Tue",953570402846759,1020706673677182,,Tuesday,,,9:00AM,8:00PM,,,,,,,,
590727816513854,"Elaine Ellis - MD - Tue",1049005398980524,1020706673677182,,Tuesday,,,9:00AM,8:00PM,,,,,,,,
590727816513854,"Elaine Ellis - MD - Tue",1134389546347902,1020706673677182,,Tuesday,,,9:00AM,8:00PM,,,,,,,,
590727816513854,"Elaine Ellis - MD - Tue",1225681361275050,1020706673677182,,Tuesday,,,9:00AM,8:00PM,,,,,,,,
591212375407298,"Mary's Center - Adams Morgan DC - WIC Hours - Monday - Friday",1210844998367589,1146850101014457,,"Monday - Friday",,,8:00AM,5:00PM,,,,,,,,
597905216353594,"Elaine Ellis - MD - Monday, Wed-Thur",778121485505827,1020706673677182,,"Monday, Wed-Thur",,,9:00AM,6:00PM,,,,,,,,
597905216353594,"Elaine Ellis - MD - Monday, Wed-Thur",891245636047663,1020706673677182,,"Monday, Wed-Thur",,,9:00AM,6:00PM,,,,,,,,
597905216353594,"Elaine Ellis - MD - Monday, Wed-Thur",953570402846759,1020706673677182,,"Monday, Wed-Thur",,,9:00AM,6:00PM,,,,,,,,
597905216353594,"Elaine Ellis - MD - Monday, Wed-Thur",1049005398980524,1020706673677182,,"Monday, Wed-Thur",,,9:00AM,6:00PM,,,,,,,,
597905216353594,"Elaine Ellis - MD - Monday, Wed-Thur",1134389546347902,1020706673677182,,"Monday, Wed-Thur",,,9:00AM,6:00PM,,,,,,,,
597905216353594,"Elaine Ellis - MD - Monday, Wed-Thur",1225681361275050,1020706673677182,,"Monday, Wed-Thur",,,9:00AM,6:00PM,,,,,,,,
607570240764498,"UPO 24 Hours",773172814806209,,,"Monday - Sunday",,,"24 hours",,,,,,,,,
607570240764498,"UPO 24 Hours",869422229117923,,,"Monday - Sunday",,,"24 hours",,,,,,,,,
571064994929167,"G Street",830345150121911,938559947702992,,"Monday - Friday",,,9:00AM,5:00PM,,,,,,,,
571064994929167,"G Street",974973185011225,938559947702992,,"Monday - Friday",,,9:00AM,5:00PM,,,,,,,,
571064994929167,"G Street",973083960423797,938559947702992,,"Monday - Friday",,,9:00AM,5:00PM,,,,,,,,
571064994929167,"G Street",1089414876670662,938559947702992,,"Monday - Friday",,,9:00AM,5:00PM,,,,,,,,
578413778188343,"NLSP Office Hours",617717048691003,"826158382123021,759833313909140,819741028296646",,"Monday - Friday",,,9:00AM,5:30PM,,,,,,,,
578413778188343,"NLSP Office Hours",1245717986328193,"826158382123021,759833313909140,819741028296646",,"Monday - Friday",,,9:00AM,5:30PM,,,,,,,,
614249715580782,"Conway Health and Resource Center -  Emotional Wellness Hours  - Mon - Wed, Fri",915604912347301,1279229683648851,,"Mon - Wed, Fri",,,8:30AM,5:00PM,,,,,,,,
614249715580782,"Conway Health and Resource Center -  Emotional Wellness Hours  - Mon - Wed, Fri",1086669106439677,1279229683648851,,"Mon - Wed, Fri",,,8:30AM,5:00PM,,,,,,,,
561580538711893,"Conway Health and Resource Center - Dental Hours - Saturday",1225681361275050,1279229683648851,,Saturday,,,9:00AM,3:30PM,,,,,,,,
593613641849907,"Conway Health and Resource Center - Medical Hours - Wednesday",573712074661708,1279229683648851,,Wednesday,,,8:30AM,8:00PM,,,,,,,,
593613641849907,"Conway Health and Resource Center - Medical Hours - Wednesday",1107196998383990,1279229683648851,,Wednesday,,,8:30AM,8:00PM,,,,,,,,
568776245923456,"Food and Friends  - Mon-Thur",748538600142879,,,"Monday - Thursday",,,8:00AM,5:00PM,,,,,,,,
568776245923456,"Food and Friends  - Mon-Thur",905112130077089,,,"Monday - Thursday",,,8:00AM,5:00PM,,,,,,,,
568776245923456,"Food and Friends  - Mon-Thur",1210844998367589,,,"Monday - Thursday",,,8:00AM,5:00PM,,,,,,,,
593029528256419,"Mary's Center - Adams Morgan DC - Behavioral Health Hours ",570279198497703,1146850101014457,,"Monday - Friday",,,8:00AM,6:00PM,,,,,,,,
593029528256419,"Mary's Center - Adams Morgan DC - Behavioral Health Hours ",567687090092713,1146850101014457,,"Monday - Friday",,,8:00AM,6:00PM,,,,,,,,
593029528256419,"Mary's Center - Adams Morgan DC - Behavioral Health Hours ",615102245607234,1146850101014457,,"Monday - Friday",,,8:00AM,6:00PM,,,,,,,,
593029528256419,"Mary's Center - Adams Morgan DC - Behavioral Health Hours ",1054654881182092,1146850101014457,,"Monday - Friday",,,8:00AM,6:00PM,,,,,,,,
593029528256419,"Mary's Center - Adams Morgan DC - Behavioral Health Hours ",1073305429578122,1146850101014457,,"Monday - Friday",,,8:00AM,6:00PM,,,,,,,,
593029528256419,"Mary's Center - Adams Morgan DC - Behavioral Health Hours ",1049979809257514,1146850101014457,,"Monday - Friday",,,8:00AM,6:00PM,,,,,,,,
593029528256419,"Mary's Center - Adams Morgan DC - Behavioral Health Hours ",1149133594765984,1146850101014457,,"Monday - Friday",,,8:00AM,6:00PM,,,,,,,,
593029528256419,"Mary's Center - Adams Morgan DC - Behavioral Health Hours ",1171041183154896,1146850101014457,,"Monday - Friday",,,8:00AM,6:00PM,,,,,,,,
593029528256419,"Mary's Center - Adams Morgan DC - Behavioral Health Hours ",1281873572081806,1146850101014457,,"Monday - Friday",,,8:00AM,6:00PM,,,,,,,,
641509860743817,"Phyllis Wheatley YWCA",989379893295634,1276820526849172,,"Monday - Friday",,,9:00AM,5:00PM,,,,,,,,
601270892533450,"Norther Virginia Outpatient Center",585745505232672,1168148392185022,,"Monday - Friday",,,8:00AM,5:00PM,,,,,,,,
601270892533450,"Norther Virginia Outpatient Center",583905742719734,1168148392185022,,"Monday - Friday",,,8:00AM,5:00PM,,,,,,,,
601270892533450,"Norther Virginia Outpatient Center",876118989495452,1168148392185022,,"Monday - Friday",,,8:00AM,5:00PM,,,,,,,,
601270892533450,"Norther Virginia Outpatient Center",1330489680518823,1168148392185022,,"Monday - Friday",,,8:00AM,5:00PM,,,,,,,,
655172898058082,"Mary's Center - Adams Morgan DC - Medical Hours - Monday, Wednesday, Friday",771415038083007,1146850101014457,,"Monday, Wednesday, Friday",,,8:00AM,6:00PM,,,,,,,,
655172898058082,"Mary's Center - Adams Morgan DC - Medical Hours - Monday, Wednesday, Friday",778121485505827,1146850101014457,,"Monday, Wednesday, Friday",,,8:00AM,6:00PM,,,,,,,,
655172898058082,"Mary's Center - Adams Morgan DC - Medical Hours - Monday, Wednesday, Friday",927583086660595,1146850101014457,,"Monday, Wednesday, Friday",,,8:00AM,6:00PM,,,,,,,,
655172898058082,"Mary's Center - Adams Morgan DC - Medical Hours - Monday, Wednesday, Friday",935391639326831,1146850101014457,,"Monday, Wednesday, Friday",,,8:00AM,6:00PM,,,,,,,,
655172898058082,"Mary's Center - Adams Morgan DC - Medical Hours - Monday, Wednesday, Friday",1135119642997578,1146850101014457,,"Monday, Wednesday, Friday",,,8:00AM,6:00PM,,,,,,,,
655172898058082,"Mary's Center - Adams Morgan DC - Medical Hours - Monday, Wednesday, Friday",1222212212143407,1146850101014457,,"Monday, Wednesday, Friday",,,8:00AM,6:00PM,,,,,,,,
655172898058082,"Mary's Center - Adams Morgan DC - Medical Hours - Monday, Wednesday, Friday",1330210073954058,1146850101014457,,"Monday, Wednesday, Friday",,,8:00AM,6:00PM,,,,,,,,
626485661504805,"UPO Petey Greene - Saturday",790527027022440,1288442867873978,,Saturday,,,7:00AM,11:00AM,,,,,,,,
626485661504805,"UPO Petey Greene - Saturday",782329565925103,1288442867873978,,Saturday,,,7:00AM,11:00AM,,,,,,,,
626485661504805,"UPO Petey Greene - Saturday",828103015767690,1288442867873978,,Saturday,,,7:00AM,11:00AM,,,,,,,,
626485661504805,"UPO Petey Greene - Saturday",824403148838289,1288442867873978,,Saturday,,,7:00AM,11:00AM,,,,,,,,
626485661504805,"UPO Petey Greene - Saturday",823287765002075,1288442867873978,,Saturday,,,7:00AM,11:00AM,,,,,,,,
626485661504805,"UPO Petey Greene - Saturday",925701018774057,1288442867873978,,Saturday,,,7:00AM,11:00AM,,,,,,,,
626485661504805,"UPO Petey Greene - Saturday",957811011700764,1288442867873978,,Saturday,,,7:00AM,11:00AM,,,,,,,,
626485661504805,"UPO Petey Greene - Saturday",944606179638640,1288442867873978,,Saturday,,,7:00AM,11:00AM,,,,,,,,
626485661504805,"UPO Petey Greene - Saturday",1097124274962034,1288442867873978,,Saturday,,,7:00AM,11:00AM,,,,,,,,
626485661504805,"UPO Petey Greene - Saturday",1131822692438420,1288442867873978,,Saturday,,,7:00AM,11:00AM,,,,,,,,
626485661504805,"UPO Petey Greene - Saturday",1115773035158894,1288442867873978,,Saturday,,,7:00AM,11:00AM,,,,,,,,
626485661504805,"UPO Petey Greene - Saturday",1222343403264201,1288442867873978,,Saturday,,,7:00AM,11:00AM,,,,,,,,
626485661504805,"UPO Petey Greene - Saturday",1234923855165980,1288442867873978,,Saturday,,,7:00AM,11:00AM,,,,,,,,
626485661504805,"UPO Petey Greene - Saturday",1272403811888637,1288442867873978,,Saturday,,,7:00AM,11:00AM,,,,,,,,
626485661504805,"UPO Petey Greene - Saturday",1274090737385222,1288442867873978,,Saturday,,,7:00AM,11:00AM,,,,,,,,
626485661504805,"UPO Petey Greene - Saturday",1244177955657488,1288442867873978,,Saturday,,,7:00AM,11:00AM,,,,,,,,
629733318259269,"Family Health and Birth Center - Emotional Wellness Hours - Mon, Wed-Friday",621585086191000,898004780647297,,"Mon, Wed-Fri",,,8:30AM,5:00PM,,,,,,,,
629733318259269,"Family Health and Birth Center - Emotional Wellness Hours - Mon, Wed-Friday",915604912347301,898004780647297,,"Mon, Wed-Fri",,,8:30AM,5:00PM,,,,,,,,
629733318259269,"Family Health and Birth Center - Emotional Wellness Hours - Mon, Wed-Friday",1185359834982349,898004780647297,,"Mon, Wed-Fri",,,8:30AM,5:00PM,,,,,,,,
649151581271820,"Neurology at Montgomery County Outpatient Center",890516898015838,,,"Monday - Friday",,,8:30AM,4:00PM,,,,,,,,
655228724729650,"Martha's Table Headquarters - Main Hours - Mon-Fri",753746449496571,636848661261240,,"Monday - Friday",,,6:30AM,6:00PM,,,,,,,,
655228724729650,"Martha's Table Headquarters - Main Hours - Mon-Fri",810458383121333,636848661261240,,"Monday - Friday",,,6:30AM,6:00PM,,,,,,,,
655228724729650,"Martha's Table Headquarters - Main Hours - Mon-Fri",905712024453663,636848661261240,,"Monday - Friday",,,6:30AM,6:00PM,,,,,,,,
655228724729650,"Martha's Table Headquarters - Main Hours - Mon-Fri",1208941632060908,636848661261240,,"Monday - Friday",,,6:30AM,6:00PM,,,,,,,,
619739310783659,"Bread for the City Health Care Friday",1038206932789964,,,Friday,,,8:30AM,12:00PM,,,,,,,,
626094046542917,"Family Health and Birth Center - Medical Hours - Saturday",573712074661708,898004780647297,,Saturday,,,9:00AM,3:30PM,,,,,,,,
626094046542917,"Family Health and Birth Center - Medical Hours - Saturday",1185359834982349,898004780647297,,Saturday,,,9:00AM,3:30PM,,,,,,,,
614696573656674,"Conway Health and Resource Center - Dental Hours - Mon - Fri",1225681361275050,1279229683648851,,"Monday - Friday",,,8:30AM,5:00PM,,,,,,,,
630203412603496,"Mary's Center - Petworth Health Center - WIC - Saturday",1210844998367589,1202618027693441,,Saturday,,,9:00AM,1:00PM,,,,,,,,
680242563832707,"Assumption Catholic Church Food Pantry & Clothing Closet",1011096322447568,,,"Monday, Wednesday, Friday",,,9:00AM,12:00PM,,,,,,,,
620291766917896,"Family Health and Birth Center - Medical Hours - Tuesday",573712074661708,898004780647297,,Tuesday,,,8:30AM,8:00PM,,,,,,,,
620291766917896,"Family Health and Birth Center - Medical Hours - Tuesday",1185359834982349,898004780647297,,Tuesday,,,8:30AM,8:00PM,,,,,,,,
679977678057543,"Legal Aid Society of DC - Big Chair - General Intake",617717048691003,816235551756131,,"Monday, Thursday",,,10:00AM,1:30PM,,,,,,,,
679977678057543,"Legal Aid Society of DC - Big Chair - General Intake",761788898992773,816235551756131,,"Monday, Thursday",,,10:00AM,1:30PM,,,,,,,,
679977678057543,"Legal Aid Society of DC - Big Chair - General Intake",973325735749516,816235551756131,,"Monday, Thursday",,,10:00AM,1:30PM,,,,,,,,
679977678057543,"Legal Aid Society of DC - Big Chair - General Intake",1245717986328193,816235551756131,,"Monday, Thursday",,,10:00AM,1:30PM,,,,,,,,
645627628352377,"Far Southeast Family Strengthening Collaborative - Mon, Wed, Fri",618510425235763,,,"Monday, Wednesday, Friday",,,9:00AM,5:30PM,,,,,,,,
645627628352377,"Far Southeast Family Strengthening Collaborative - Mon, Wed, Fri",678336489867060,,,"Monday, Wednesday, Friday",,,9:00AM,5:30PM,,,,,,,,
645627628352377,"Far Southeast Family Strengthening Collaborative - Mon, Wed, Fri",763106931954514,,,"Monday, Wednesday, Friday",,,9:00AM,5:30PM,,,,,,,,
645627628352377,"Far Southeast Family Strengthening Collaborative - Mon, Wed, Fri",936906190018086,,,"Monday, Wednesday, Friday",,,9:00AM,5:30PM,,,,,,,,
645627628352377,"Far Southeast Family Strengthening Collaborative - Mon, Wed, Fri",954270986825825,,,"Monday, Wednesday, Friday",,,9:00AM,5:30PM,,,,,,,,
645627628352377,"Far Southeast Family Strengthening Collaborative - Mon, Wed, Fri",949725297401271,,,"Monday, Wednesday, Friday",,,9:00AM,5:30PM,,,,,,,,
645627628352377,"Far Southeast Family Strengthening Collaborative - Mon, Wed, Fri",1277554928342075,,,"Monday, Wednesday, Friday",,,9:00AM,5:30PM,,,,,,,,
683742989703803,"Children's National Hospital - Main Business Hours",583905742719734,,,"Monday - Friday",,,9:00AM,5:00PM,,,,,,,,
683742989703803,"Children's National Hospital - Main Business Hours",631582174906714,,,"Monday - Friday",,,9:00AM,5:00PM,,,,,,,,
683742989703803,"Children's National Hospital - Main Business Hours",876118989495452,,,"Monday - Friday",,,9:00AM,5:00PM,,,,,,,,
683742989703803,"Children's National Hospital - Main Business Hours",890516898015838,,,"Monday - Friday",,,9:00AM,5:00PM,,,,,,,,
683742989703803,"Children's National Hospital - Main Business Hours",1112712465466061,,,"Monday - Friday",,,9:00AM,5:00PM,,,,,,,,
683742989703803,"Children's National Hospital - Main Business Hours",1095621090051578,,,"Monday - Friday",,,9:00AM,5:00PM,,,,,,,,
683742989703803,"Children's National Hospital - Main Business Hours",1330489680518823,,,"Monday - Friday",,,9:00AM,5:00PM,,,,,,,,
716681364934765,"Elaine Ellis - MD - Second Saturday",778121485505827,1020706673677182,,"Second Saturday",,,9:15AM,2:00PM,,,,,,,,
716681364934765,"Elaine Ellis - MD - Second Saturday",891245636047663,1020706673677182,,"Second Saturday",,,9:15AM,2:00PM,,,,,,,,
716681364934765,"Elaine Ellis - MD - Second Saturday",953570402846759,1020706673677182,,"Second Saturday",,,9:15AM,2:00PM,,,,,,,,
716681364934765,"Elaine Ellis - MD - Second Saturday",1049005398980524,1020706673677182,,"Second Saturday",,,9:15AM,2:00PM,,,,,,,,
716681364934765,"Elaine Ellis - MD - Second Saturday",1134389546347902,1020706673677182,,"Second Saturday",,,9:15AM,2:00PM,,,,,,,,
716681364934765,"Elaine Ellis - MD - Second Saturday",1225681361275050,1020706673677182,,"Second Saturday",,,9:15AM,2:00PM,,,,,,,,
729001744285325,"Community Connections - Main Hours",606736767772085,,,"Monday - Friday",,,8:00AM,5:00PM,,,,,,,,
729001744285325,"Community Connections - Main Hours",785169150627540,,,"Monday - Friday",,,8:00AM,5:00PM,,,,,,,,
729001744285325,"Community Connections - Main Hours",823785251815168,,,"Monday - Friday",,,8:00AM,5:00PM,,,,,,,,
729001744285325,"Community Connections - Main Hours",945829836126554,,,"Monday - Friday",,,8:00AM,5:00PM,,,,,,,,
729001744285325,"Community Connections - Main Hours",1092296589947000,,,"Monday - Friday",,,8:00AM,5:00PM,,,,,,,,
729001744285325,"Community Connections - Main Hours",1099899521922388,,,"Monday - Friday",,,8:00AM,5:00PM,,,,,,,,
729001744285325,"Community Connections - Main Hours",1176207549830608,,,"Monday - Friday",,,8:00AM,5:00PM,,,,,,,,
729001744285325,"Community Connections - Main Hours",1176655697971687,,,"Monday - Friday",,,8:00AM,5:00PM,,,,,,,,
729001744285325,"Community Connections - Main Hours",1206755076792649,,,"Monday - Friday",,,8:00AM,5:00PM,,,,,,,,
769449908411381,"Welcome Center Drop-in Hours - Wed-Thur Morning",643156433763559,1260258325512587,,"Wednesday - Thursday",,,8:30AM,11:30AM,,,,,,,,
783467139926780,"Dupont Park SDA - Food Pantry + Clothing Closet - Third Thursday",1011096322447568,,,"Third Thursday",,,9:30AM,12:00PM,,,,,,,,
735501940773749,"Mary's Center - Petworth Health Center - Dental",819105625973846,1202618027693441,,"Monday - Saturday",,,8:00AM,6:00PM,,,,,,,,
739723620351724,"Georgia Ave",830345150121911,901594639817796,,"Tuesday & Thursday",,,9:00AM,5:00PM,,,,,,,,
739723620351724,"Georgia Ave",974973185011225,901594639817796,,"Tuesday & Thursday",,,9:00AM,5:00PM,,,,,,,,
739723620351724,"Georgia Ave",973083960423797,901594639817796,,"Tuesday & Thursday",,,9:00AM,5:00PM,,,,,,,,
739723620351724,"Georgia Ave",1089414876670662,901594639817796,,"Tuesday & Thursday",,,9:00AM,5:00PM,,,,,,,,
760495785936535,"Bread for the City Health Care Monday, Tuesday, Thursday",1038206932789964,,,"Mon, Tue, Thur",,,8:30AM,5:00PM,,,,,,,,
773750990177849,"N Street Village - Meals & Basic Needs - Mon - Fri",1125987342546107,,,"Monday - Friday",,,7:00AM,4:00PM,,,,,,,,
776148315520828,"McClendon Center - Core Services",824258346211268,693037857857932,,"Monday - Friday",,,8:30AM,5:00PM,,,,,,,,
776148315520828,"McClendon Center - Core Services",974276139813148,693037857857932,,"Monday - Friday",,,8:30AM,5:00PM,,,,,,,,
776148315520828,"McClendon Center - Core Services",1183846216660530,693037857857932,,"Monday - Friday",,,8:30AM,5:00PM,,,,,,,,
795939485351871,"McClendon Center - Day Program",1182824915404630,,,"Monday - Friday",,,8:00AM,5:00PM,,,,,,,,
818792039457879,"Montgomery County Outpatient Center",585745505232672,"1191500192034471,1091301498101680",,"Monday - Friday",,,8:30AM,4:30PM,,,,,,,,
818792039457879,"Montgomery County Outpatient Center",583905742719734,"1191500192034471,1091301498101680",,"Monday - Friday",,,8:30AM,4:30PM,,,,,,,,
818792039457879,"Montgomery County Outpatient Center",876118989495452,"1191500192034471,1091301498101680",,"Monday - Friday",,,8:30AM,4:30PM,,,,,,,,
818792039457879,"Montgomery County Outpatient Center",1135146593857359,"1191500192034471,1091301498101680",,"Monday - Friday",,,8:30AM,4:30PM,,,,,,,,
818792039457879,"Montgomery County Outpatient Center",1330489680518823,"1191500192034471,1091301498101680",,"Monday - Friday",,,8:30AM,4:30PM,,,,,,,,
823973485555901,"Mary's Center - Adams Morgan DC - Medical Hours - Tuesday, Thursday",771415038083007,1146850101014457,,"Tuesday, Thursday",,,8:00AM,8:00PM,,,,,,,,
823973485555901,"Mary's Center - Adams Morgan DC - Medical Hours - Tuesday, Thursday",778121485505827,1146850101014457,,"Tuesday, Thursday",,,8:00AM,8:00PM,,,,,,,,
823973485555901,"Mary's Center - Adams Morgan DC - Medical Hours - Tuesday, Thursday",927583086660595,1146850101014457,,"Tuesday, Thursday",,,8:00AM,8:00PM,,,,,,,,
823973485555901,"Mary's Center - Adams Morgan DC - Medical Hours - Tuesday, Thursday",935391639326831,1146850101014457,,"Tuesday, Thursday",,,8:00AM,8:00PM,,,,,,,,
823973485555901,"Mary's Center - Adams Morgan DC - Medical Hours - Tuesday, Thursday",1135119642997578,1146850101014457,,"Tuesday, Thursday",,,8:00AM,8:00PM,,,,,,,,
823973485555901,"Mary's Center - Adams Morgan DC - Medical Hours - Tuesday, Thursday",1222212212143407,1146850101014457,,"Tuesday, Thursday",,,8:00AM,8:00PM,,,,,,,,
823973485555901,"Mary's Center - Adams Morgan DC - Medical Hours - Tuesday, Thursday",1330210073954058,1146850101014457,,"Tuesday, Thursday",,,8:00AM,8:00PM,,,,,,,,
792131142058130,"Mary's Center - Fort Totten - Dental Hours",819105625973846,953875575104132,,"Monday - Saturday",,,8:00AM,6:00PM,,,,,,,,
805784205962349,"Miriam's Kitchen - Morning Case Management Hours",631018985097612,,,"Monday - Friday",,,6:30AM,9:45AM,,,,,,,,
805238896874501,"Family Health and Birth Center - Medical Hours - Mon, Wed-Friday",573712074661708,898004780647297,,"Mon, Wed-Fri",,,8:30AM,5:00PM,,,,,,,,
805238896874501,"Family Health and Birth Center - Medical Hours - Mon, Wed-Friday",1185359834982349,898004780647297,,"Mon, Wed-Fri",,,8:30AM,5:00PM,,,,,,,,
836794649274732,"Bread for the City Food Program Southeast Center - Friday",1193500689688597,839573866990556,,Friday,,,8:30AM,12:00PM,,,,,,,,
840555982869909,"Virginia Williams Family Resource Center - Fri",643156433763559,584215858451001,,Friday,,,8:30AM,12:00PM,,,,,,,,
840555982869909,"Virginia Williams Family Resource Center - Fri",605385202624201,584215858451001,,Friday,,,8:30AM,12:00PM,,,,,,,,
840555982869909,"Virginia Williams Family Resource Center - Fri",739062573866794,584215858451001,,Friday,,,8:30AM,12:00PM,,,,,,,,
840555982869909,"Virginia Williams Family Resource Center - Fri",991462076076973,584215858451001,,Friday,,,8:30AM,12:00PM,,,,,,,,
840555982869909,"Virginia Williams Family Resource Center - Fri",1003036537750667,584215858451001,,Friday,,,8:30AM,12:00PM,,,,,,,,
840555982869909,"Virginia Williams Family Resource Center - Fri",1107276468708862,584215858451001,,Friday,,,8:30AM,12:00PM,,,,,,,,
841306876993894,"McKenna's Wagon - 2nd and H St, NW",1298850689126022,1312052344982531,,"Sunday - Saturday",,,5:15PM,5:45PM,,,,,,,,
789942774281908,"Housing Counseling Services - Main Office - Wednesday",603580181050118,1231381914283530,,Wednesday,,,9:00AM,8:00PM,,,,,,,,
789942774281908,"Housing Counseling Services - Main Office - Wednesday",594569394092610,1231381914283530,,Wednesday,,,9:00AM,8:00PM,,,,,,,,
789942774281908,"Housing Counseling Services - Main Office - Wednesday",853929141214417,1231381914283530,,Wednesday,,,9:00AM,8:00PM,,,,,,,,
840625194332248,"Wendt Center Office Hours",1287171138930601,,,"Monday - Friday",,,10:00AM,6:00PM,,,,,,,,
845907903469171,"UMC Primary Care - Sat",1135119642997578,,,Saturday,,,10:00AM,2:00PM,,,,,,,,
804653449380254,"Legal Aid Society of DC - Main Office - General Intake - Thursday",617717048691003,1284378916833442,,Thursday,,,12:30PM,4:00PM,,,,,,,,
804653449380254,"Legal Aid Society of DC - Main Office - General Intake - Thursday",761788898992773,1284378916833442,,Thursday,,,12:30PM,4:00PM,,,,,,,,
804653449380254,"Legal Aid Society of DC - Main Office - General Intake - Thursday",973325735749516,1284378916833442,,Thursday,,,12:30PM,4:00PM,,,,,,,,
804653449380254,"Legal Aid Society of DC - Main Office - General Intake - Thursday",1245717986328193,1284378916833442,,Thursday,,,12:30PM,4:00PM,,,,,,,,
847652684340999,"24 Hours",586532932628487,,,Sunday-Saturday,,,"24 Hours",,,,,,,,,
847652684340999,"24 Hours",608162049269761,,,Sunday-Saturday,,,"24 Hours",,,,,,,,,
847652684340999,"24 Hours",762627227359602,,,Sunday-Saturday,,,"24 Hours",,,,,,,,,
853520486618153,"Bread for the City Diaper Program",598893344627449,,,"Tuesday and Thursday (Closed from 12:30PM-2:00PM)",,,10:00AM,4:30PM,,,,,,,,
873084264435826,"RAP Inc - Calvin Rolark - Mon - Fri",631018985097612,1333682431246522,,"Monday - Friday",,,8:30AM,5:00PM,,,,,,,,
873084264435826,"RAP Inc - Calvin Rolark - Mon - Fri",1095497824033311,1333682431246522,,"Monday - Friday",,,8:30AM,5:00PM,,,,,,,,
873084264435826,"RAP Inc - Calvin Rolark - Mon - Fri",1099503418949118,1333682431246522,,"Monday - Friday",,,8:30AM,5:00PM,,,,,,,,
866398727497770,"Adult Literary Resource Center",1173270438890110,,,Friday-Saturday,,,9:30AM,5:30PM,,,,"Friday,Saturday",,,,
865407536869805,"Bread for the City Clothing Program",870510285799257,,,Tuesday-Thursday,,,10:00AM,2:00PM,,,,,,,,
891494020506151,"UMC Primary Care - Walk-in",1135119642997578,,,Monday-Friday,,,8:00AM,12:00PM,,,,,,,,
833376815115699,"VWFRC - Mon-Thur",603580181050118,584215858451001,,Monday-Thursday,,,8:30AM,4:00PM,,,,,,,,
833376815115699,"VWFRC - Mon-Thur",781718626017793,584215858451001,,Monday-Thursday,,,8:30AM,4:00PM,,,,,,,,
833376815115699,"VWFRC - Mon-Thur",1207720606469506,584215858451001,,Monday-Thursday,,,8:30AM,4:00PM,,,,,,,,
853330798771573,"Housing Counseling Services - Main Office - Monday, Tuesday, Thursday, Friday",603580181050118,1231381914283530,,9:00AM,,,5:00PM,,,,,,,,,
853330798771573,"Housing Counseling Services - Main Office - Monday, Tuesday, Thursday, Friday",594569394092610,1231381914283530,,9:00AM,,,5:00PM,,,,,,,,,
853330798771573,"Housing Counseling Services - Main Office - Monday, Tuesday, Thursday, Friday",853929141214417,1231381914283530,,9:00AM,,,5:00PM,,,,,,,,,
865015503247262,"N Street Village - Meals & Basic Needs - Weekends",1125987342546107,,,"Saturday - Sunday",,,9:00AM,4:00PM,,,,,,,,
890790331313530,"Food and Friends - Friday",748538600142879,,,Friday,,,8:00AM,2:00PM,,,,,,,,
890790331313530,"Food and Friends - Friday",905112130077089,,,Friday,,,8:00AM,2:00PM,,,,,,,,
890790331313530,"Food and Friends - Friday",1210844998367589,,,Friday,,,8:00AM,2:00PM,,,,,,,,
892899945913453,"Mary's Center - Petworth Health Center - Medical - Tuesday, Thursday, Friday, Saturday",771415038083007,1202618027693441,,"Tuesday, Thursday, Friday, Saturday",,,8:00AM,6:00PM,,,,,,,,
892899945913453,"Mary's Center - Petworth Health Center - Medical - Tuesday, Thursday, Friday, Saturday",778121485505827,1202618027693441,,"Tuesday, Thursday, Friday, Saturday",,,8:00AM,6:00PM,,,,,,,,
892899945913453,"Mary's Center - Petworth Health Center - Medical - Tuesday, Thursday, Friday, Saturday",927583086660595,1202618027693441,,"Tuesday, Thursday, Friday, Saturday",,,8:00AM,6:00PM,,,,,,,,
892899945913453,"Mary's Center - Petworth Health Center - Medical - Tuesday, Thursday, Friday, Saturday",935391639326831,1202618027693441,,"Tuesday, Thursday, Friday, Saturday",,,8:00AM,6:00PM,,,,,,,,
892899945913453,"Mary's Center - Petworth Health Center - Medical - Tuesday, Thursday, Friday, Saturday",1135119642997578,1202618027693441,,"Tuesday, Thursday, Friday, Saturday",,,8:00AM,6:00PM,,,,,,,,
892899945913453,"Mary's Center - Petworth Health Center - Medical - Tuesday, Thursday, Friday, Saturday",1222212212143407,1202618027693441,,"Tuesday, Thursday, Friday, Saturday",,,8:00AM,6:00PM,,,,,,,,
892899945913453,"Mary's Center - Petworth Health Center - Medical - Tuesday, Thursday, Friday, Saturday",1330210073954058,1202618027693441,,"Tuesday, Thursday, Friday, Saturday",,,8:00AM,6:00PM,,,,,,,,
898084164708448,"Miriam's Kitchen - Afternoon Case Management Hours",631018985097612,,,"Monday - Friday",,,2:30PM,5:45PM,,,,,,,,
863228669156440,"Everyone Home DC Shirley's Place Day Center - Tue",645639147901738,,,Tuesday,,,8:00AM,3:00PM,,,,,,,,
884492600107637,"Mary's Center - Petworth Health Center - WIC - Mon - Fri ",1210844998367589,1202618027693441,,"Monday - Friday",,,8:00AM,5:00PM,,,,,,,,
927904724916378,"Virginia Williams Family Resource Center - Mon - Thur",643156433763559,584215858451001,,"Monday - Thursday",,,8:30AM,4:00PM,,,,,,,,
927904724916378,"Virginia Williams Family Resource Center - Mon - Thur",605385202624201,584215858451001,,"Monday - Thursday",,,8:30AM,4:00PM,,,,,,,,
927904724916378,"Virginia Williams Family Resource Center - Mon - Thur",739062573866794,584215858451001,,"Monday - Thursday",,,8:30AM,4:00PM,,,,,,,,
927904724916378,"Virginia Williams Family Resource Center - Mon - Thur",991462076076973,584215858451001,,"Monday - Thursday",,,8:30AM,4:00PM,,,,,,,,
927904724916378,"Virginia Williams Family Resource Center - Mon - Thur",1003036537750667,584215858451001,,"Monday - Thursday",,,8:30AM,4:00PM,,,,,,,,
927904724916378,"Virginia Williams Family Resource Center - Mon - Thur",1107276468708862,584215858451001,,"Monday - Thursday",,,8:30AM,4:00PM,,,,,,,,
915878107418606,"Everyone Home DC Headquarters - Mornings",718763768520855,712658990764743,,Monday-Friday,,,9:00AM,1:00PM,,,,,,,,
915878107418606,"Everyone Home DC Headquarters - Mornings",848785574110592,712658990764743,,Monday-Friday,,,9:00AM,1:00PM,,,,,,,,
915878107418606,"Everyone Home DC Headquarters - Mornings",926618827303169,712658990764743,,Monday-Friday,,,9:00AM,1:00PM,,,,,,,,
915878107418606,"Everyone Home DC Headquarters - Mornings",960664065602895,712658990764743,,Monday-Friday,,,9:00AM,1:00PM,,,,,,,,
925785306725607,"Legal Aid Society of DC - DV/Family Law Intake",795647463619947,"1157647595052033,1264887939520326",,"Monday - Friday",,,8:30AM,3:30PM,,,,,,,,
933979437704378,"Children's National Hospital - 24 Hours",681568772199807,"908942274584388,804162820575251",,"Monday - Sunday",,,"24 Hours",,,,,,,,,
943131285768670,"Lutheran Church of the Reformation",1011096322447568,,,"Monday - Thursday",,,9:00AM,4:00PM,,,,,,,,
896372222754824,"The Commons at Stanton Square - Emotional Wellness Hours - Mon- Wed, Fri",915604912347301,1068693490671334,,"Mon - Wed, Fri",,,9:00AM,6:00PM,,,,,,,,
927004175290165,"Martha's Table at the Maycroft - Market Hours",925876618282340,988814873768650,,"Monday - Friday",,,11:00AM,3:00PM,,,,,,,,
945553855134717,"DC Healthy Start",990059361209852,,,"Monday - Friday",,,8:15AM,4:45PM,,,,,,,,
957234329170799,"Upper Marlboro Outpatient Center",585745505232672,815051886893035,,"Monday - Friday",,,8:30AM,5:00PM,,,,,,,,
912117463553344,"Bread for the City Health Care Wednesday",1038206932789964,,,Wednesday,,,8:30AM,7:00PM,,,,,,,,
933440838598051,"RAP Inc. - Calvin Rolark - Sat - Sun",631018985097612,1333682431246522,,"Saturday - Sunday",,,"24 hours",,,,,,,,,
933440838598051,"RAP Inc. - Calvin Rolark - Sat - Sun",1095497824033311,1333682431246522,,"Saturday - Sunday",,,"24 hours",,,,,,,,,
933440838598051,"RAP Inc. - Calvin Rolark - Sat - Sun",1099503418949118,1333682431246522,,"Saturday - Sunday",,,"24 hours",,,,,,,,,
939730174420179,"Marie Reed Health Center - Emotional Wellness Hours - Wednesday",915604912347301,810081831183407,,Wednesday,,,8:30AM,8:00PM,,,,,,,,
949146033103041,"NLSP Intake Hours (Phone and In-person)",617717048691003,"819741028296646,759833313909140,826158382123021",,"Monday, Wednesday, Friday",,,10:00AM,3:00PM,,,,,,,,
949146033103041,"NLSP Intake Hours (Phone and In-person)",1245717986328193,"819741028296646,759833313909140,826158382123021",,"Monday, Wednesday, Friday",,,10:00AM,3:00PM,,,,,,,,
970752175352860,"Marthat's Table Headquarters - Main Hours - Saturday",753746449496571,636848661261240,,Saturday,,,8:00AM,4:00PM,,,,,,,,
970752175352860,"Marthat's Table Headquarters - Main Hours - Saturday",810458383121333,636848661261240,,Saturday,,,8:00AM,4:00PM,,,,,,,,
970752175352860,"Marthat's Table Headquarters - Main Hours - Saturday",905712024453663,636848661261240,,Saturday,,,8:00AM,4:00PM,,,,,,,,
970752175352860,"Marthat's Table Headquarters - Main Hours - Saturday",1208941632060908,636848661261240,,Saturday,,,8:00AM,4:00PM,,,,,,,,
969910937524360,"Mary's Center - Pharmacy",561831919465625,991046422392107,,"Monday - Friday",,,8:30AM,6:30PM,,,,,,,,
984651245152732,"LCDP - 15th St Mon-Tue & Thur - Fri",770730332028956,1116757915659329,,"Mon - Tue & Thur - Fri",,,8:30AM,5:00PM,,,,,,,,
984651245152732,"LCDP - 15th St Mon-Tue & Thur - Fri",841673521697595,1116757915659329,,"Mon - Tue & Thur - Fri",,,8:30AM,5:00PM,,,,,,,,
984651245152732,"LCDP - 15th St Mon-Tue & Thur - Fri",948838805132982,1116757915659329,,"Mon - Tue & Thur - Fri",,,8:30AM,5:00PM,,,,,,,,
984651245152732,"LCDP - 15th St Mon-Tue & Thur - Fri",952194300736035,1116757915659329,,"Mon - Tue & Thur - Fri",,,8:30AM,5:00PM,,,,,,,,
984651245152732,"LCDP - 15th St Mon-Tue & Thur - Fri",1095497824033311,1116757915659329,,"Mon - Tue & Thur - Fri",,,8:30AM,5:00PM,,,,,,,,
984651245152732,"LCDP - 15th St Mon-Tue & Thur - Fri",1095945124402776,1116757915659329,,"Mon - Tue & Thur - Fri",,,8:30AM,5:00PM,,,,,,,,
984651245152732,"LCDP - 15th St Mon-Tue & Thur - Fri",1099208107604478,1116757915659329,,"Mon - Tue & Thur - Fri",,,8:30AM,5:00PM,,,,,,,,
984651245152732,"LCDP - 15th St Mon-Tue & Thur - Fri",1182835937166583,1116757915659329,,"Mon - Tue & Thur - Fri",,,8:30AM,5:00PM,,,,,,,,
984651245152732,"LCDP - 15th St Mon-Tue & Thur - Fri",1171107809657948,1116757915659329,,"Mon - Tue & Thur - Fri",,,8:30AM,5:00PM,,,,,,,,
984651245152732,"LCDP - 15th St Mon-Tue & Thur - Fri",1252999982476801,1116757915659329,,"Mon - Tue & Thur - Fri",,,8:30AM,5:00PM,,,,,,,,
984651245152732,"LCDP - 15th St Mon-Tue & Thur - Fri",1281848063989826,1116757915659329,,"Mon - Tue & Thur - Fri",,,8:30AM,5:00PM,,,,,,,,
985253172980044,"Adult Literacy Resource Center",1173270438890110,625420662664147,,"Monday - Thursday",,,9:30AM,9:00PM,,,,,,,,
993133799161870,"The Commons at Stanton Square - Emotional Wellness Hours - Thursday",915604912347301,1068693490671334,,Thursday,,,9:00AM,7:00PM,,,,,,,,
975661731559589,"Everyone Home DC Shirley's Place Day Center - Mon, Wed, Thur, Fri",645639147901738,1255666996034353,,"Monday, Wednesday, Thursday, Friday",,,8:00AM,4:00PM,,,,,,,,
1005608634460893,"Pathways to Housing",833463361083754,,,"Monday - Friday",,,8:00AM,5:00PM,,,,,,,,
1005608634460893,"Pathways to Housing",945829836126554,,,"Monday - Friday",,,8:00AM,5:00PM,,,,,,,,
1005608634460893,"Pathways to Housing",998910660786600,,,"Monday - Friday",,,8:00AM,5:00PM,,,,,,,,
1005608634460893,"Pathways to Housing",1003127511248132,,,"Monday - Friday",,,8:00AM,5:00PM,,,,,,,,
1005608634460893,"Pathways to Housing",1131528502132736,,,"Monday - Friday",,,8:00AM,5:00PM,,,,,,,,
1003280669828155,"Mary's Center - Fort Totten - Behavioral Health Hours",570279198497703,953875575104132,,"Monday - Friday",,,8:00AM,6:00PM,,,,,,,,
1003280669828155,"Mary's Center - Fort Totten - Behavioral Health Hours",567687090092713,953875575104132,,"Monday - Friday",,,8:00AM,6:00PM,,,,,,,,
1003280669828155,"Mary's Center - Fort Totten - Behavioral Health Hours",615102245607234,953875575104132,,"Monday - Friday",,,8:00AM,6:00PM,,,,,,,,
1003280669828155,"Mary's Center - Fort Totten - Behavioral Health Hours",1054654881182092,953875575104132,,"Monday - Friday",,,8:00AM,6:00PM,,,,,,,,
1003280669828155,"Mary's Center - Fort Totten - Behavioral Health Hours",1073305429578122,953875575104132,,"Monday - Friday",,,8:00AM,6:00PM,,,,,,,,
1003280669828155,"Mary's Center - Fort Totten - Behavioral Health Hours",1049979809257514,953875575104132,,"Monday - Friday",,,8:00AM,6:00PM,,,,,,,,
1003280669828155,"Mary's Center - Fort Totten - Behavioral Health Hours",1149133594765984,953875575104132,,"Monday - Friday",,,8:00AM,6:00PM,,,,,,,,
1003280669828155,"Mary's Center - Fort Totten - Behavioral Health Hours",1171041183154896,953875575104132,,"Monday - Friday",,,8:00AM,6:00PM,,,,,,,,
1003280669828155,"Mary's Center - Fort Totten - Behavioral Health Hours",1281873572081806,953875575104132,,"Monday - Friday",,,8:00AM,6:00PM,,,,,,,,
960960917484076,"Sacred Heart Dinner Program",1308027877412141,634604766992517,,"Monday - Friday",,,4:00PM,6:00PM,,,,,,,,
1004866828511863,"Elaine Ellis - DC - Tue & Thur",778121485505827,1114551742239605,,"Tuesday & Thursday",,,9:30AM,7:00PM,,,,,,,,
1004866828511863,"Elaine Ellis - DC - Tue & Thur",891245636047663,1114551742239605,,"Tuesday & Thursday",,,9:30AM,7:00PM,,,,,,,,
1004866828511863,"Elaine Ellis - DC - Tue & Thur",953570402846759,1114551742239605,,"Tuesday & Thursday",,,9:30AM,7:00PM,,,,,,,,
1004866828511863,"Elaine Ellis - DC - Tue & Thur",1049005398980524,1114551742239605,,"Tuesday & Thursday",,,9:30AM,7:00PM,,,,,,,,
1004866828511863,"Elaine Ellis - DC - Tue & Thur",1134389546347902,1114551742239605,,"Tuesday & Thursday",,,9:30AM,7:00PM,,,,,,,,
1004866828511863,"Elaine Ellis - DC - Tue & Thur",1225681361275050,1114551742239605,,"Tuesday & Thursday",,,9:30AM,7:00PM,,,,,,,,
1078713175270884,"Andromeda Transcultural Health",580060602461538,,,Monday-Friday,,,9:00AM,5:00PM,,,,,,,,
1078713175270884,"Andromeda Transcultural Health",853599380702227,,,Monday-Friday,,,9:00AM,5:00PM,,,,,,,,
1078713175270884,"Andromeda Transcultural Health",1107477274966494,,,Monday-Friday,,,9:00AM,5:00PM,,,,,,,,
1078713175270884,"Andromeda Transcultural Health",1135119642997578,,,Monday-Friday,,,9:00AM,5:00PM,,,,,,,,
1078713175270884,"Andromeda Transcultural Health",1229961680483259,,,Monday-Friday,,,9:00AM,5:00PM,,,,,,,,
1078713175270884,"Andromeda Transcultural Health",1273614384596478,,,Monday-Friday,,,9:00AM,5:00PM,,,,,,,,
1080839771597407,"Conway Health and Resource Center - Medical Hours - Mon, Tue, Thur, Fri",573712074661708,1279229683648851,,"Mon, Tue, Thur, Fri",,,8:30AM,5:00PM,,,,,,,,
1080839771597407,"Conway Health and Resource Center - Medical Hours - Mon, Tue, Thur, Fri",1107196998383990,1279229683648851,,"Mon, Tue, Thur, Fri",,,8:30AM,5:00PM,,,,,,,,
1051008389625195,"Bread for the City Food Program Southeast Center - Mon-Thur",1193500689688597,,,"Monday-Thursday (Closes daily noon to 1pm)",,,8:30AM,5:00PM,,,,,,,,
1053204389138300,"Allen Chapel AME Food Pantry & Clothing Closet",1011096322447568,,,Friday,,,8:30AM,12:30PM,,,,,,,,
1090422888040880,"Father McKenna Center",1011096322447568,,,"Monday - Friday",,,7:00AM,1:00PM,,,,,,,,
1098011682762590,"Elaine Ellis - DC - Fourth Saturday",778121485505827,1114551742239605,,"Fourth Saturday",,,9:00AM,2:00PM,,,,,,,,
1098011682762590,"Elaine Ellis - DC - Fourth Saturday",891245636047663,1114551742239605,,"Fourth Saturday",,,9:00AM,2:00PM,,,,,,,,
1098011682762590,"Elaine Ellis - DC - Fourth Saturday",953570402846759,1114551742239605,,"Fourth Saturday",,,9:00AM,2:00PM,,,,,,,,
1098011682762590,"Elaine Ellis - DC - Fourth Saturday",1049005398980524,1114551742239605,,"Fourth Saturday",,,9:00AM,2:00PM,,,,,,,,
1098011682762590,"Elaine Ellis - DC - Fourth Saturday",1134389546347902,1114551742239605,,"Fourth Saturday",,,9:00AM,2:00PM,,,,,,,,
1098011682762590,"Elaine Ellis - DC - Fourth Saturday",1225681361275050,1114551742239605,,"Fourth Saturday",,,9:00AM,2:00PM,,,,,,,,
1114579254252936,"Friendship Heights Outpatient Center",585745505232672,950665445636496,,"Monday - Friday",,,8:30AM,5:00PM,,,,,,,,
1061969708258974,"Welcome Center Drop-in Hours - Monday Afternoon",643156433763559,1260258325512587,,Monday,,,1:00PM,4:00PM,,,,,,,,
1081601334352404,"Martha's Table Headquarters at the Commons - Early Learning Center Infant, Toddler & Preschool Program",667387929525624,636848661261240,,"Monday - Friday",,,6:30AM,6:00PM,,,,,,,,
1116189860596908,"24 Hour Mental Health Helpline",606430121530643,,,"Sunday - Saturday",,,"24 Hours",,,,,,,,,
1116189860596908,"24 Hour Mental Health Helpline",765148434335618,,,"Sunday - Saturday",,,"24 Hours",,,,,,,,,
1116189860596908,"24 Hour Mental Health Helpline",894487344015737,,,"Sunday - Saturday",,,"24 Hours",,,,,,,,,
1116189860596908,"24 Hour Mental Health Helpline",1255828431025209,,,"Sunday - Saturday",,,"24 Hours",,,,,,,,,
1127513695675127,"Mary's Center - Adams Morgan DC - WIC Hours - Saturday",1210844998367589,1146850101014457,,Saturday,,,9:00AM,1:00PM,,,,,,,,
1089592208225810,"Marie Reed Health Center - Medical Hours - Mon-Fri",573712074661708,810081831183407,,"Monday - Friday",,,8:30AM,5:00PM,,,,,,,,
1089592208225810,"Marie Reed Health Center - Medical Hours - Mon-Fri",1107196998383990,810081831183407,,"Monday - Friday",,,8:30AM,5:00PM,,,,,,,,
1088618226878520,"Northeastern Presbyterian Church - Food Pantry",1011096322447568,1243562110622958,,"Third Saturday",,,10:00AM,12:00PM,,,,,,,,
1132485145162044,"UPO Anacostia",790527027022440,683981038233399,,"Monday - Friday",,,9:00AM,5:00PM,,,,,,,,
1132485145162044,"UPO Anacostia",782329565925103,683981038233399,,"Monday - Friday",,,9:00AM,5:00PM,,,,,,,,
1132485145162044,"UPO Anacostia",828103015767690,683981038233399,,"Monday - Friday",,,9:00AM,5:00PM,,,,,,,,
1132485145162044,"UPO Anacostia",824403148838289,683981038233399,,"Monday - Friday",,,9:00AM,5:00PM,,,,,,,,
1132485145162044,"UPO Anacostia",823287765002075,683981038233399,,"Monday - Friday",,,9:00AM,5:00PM,,,,,,,,
1132485145162044,"UPO Anacostia",925701018774057,683981038233399,,"Monday - Friday",,,9:00AM,5:00PM,,,,,,,,
1132485145162044,"UPO Anacostia",957811011700764,683981038233399,,"Monday - Friday",,,9:00AM,5:00PM,,,,,,,,
1132485145162044,"UPO Anacostia",944606179638640,683981038233399,,"Monday - Friday",,,9:00AM,5:00PM,,,,,,,,
1132485145162044,"UPO Anacostia",1097124274962034,683981038233399,,"Monday - Friday",,,9:00AM,5:00PM,,,,,,,,
1132485145162044,"UPO Anacostia",1131822692438420,683981038233399,,"Monday - Friday",,,9:00AM,5:00PM,,,,,,,,
1132485145162044,"UPO Anacostia",1115773035158894,683981038233399,,"Monday - Friday",,,9:00AM,5:00PM,,,,,,,,
1132485145162044,"UPO Anacostia",1222343403264201,683981038233399,,"Monday - Friday",,,9:00AM,5:00PM,,,,,,,,
1132485145162044,"UPO Anacostia",1234923855165980,683981038233399,,"Monday - Friday",,,9:00AM,5:00PM,,,,,,,,
1132485145162044,"UPO Anacostia",1272403811888637,683981038233399,,"Monday - Friday",,,9:00AM,5:00PM,,,,,,,,
1132485145162044,"UPO Anacostia",1274090737385222,683981038233399,,"Monday - Friday",,,9:00AM,5:00PM,,,,,,,,
1132485145162044,"UPO Anacostia",1244177955657488,683981038233399,,"Monday - Friday",,,9:00AM,5:00PM,,,,,,,,
1137182863009936,"N Street Village - Main Office Hours",643156433763559,604721858303896,,"Monday - Thursday",,,8:00AM,4:30PM,,,,,,,,
1137182863009936,"N Street Village - Main Office Hours",744532051423737,604721858303896,,"Monday - Thursday",,,8:00AM,4:30PM,,,,,,,,
1137182863009936,"N Street Village - Main Office Hours",912868472017219,604721858303896,,"Monday - Thursday",,,8:00AM,4:30PM,,,,,,,,
1137182863009936,"N Street Village - Main Office Hours",917340488183103,604721858303896,,"Monday - Thursday",,,8:00AM,4:30PM,,,,,,,,
1137182863009936,"N Street Village - Main Office Hours",1129022337432214,604721858303896,,"Monday - Thursday",,,8:00AM,4:30PM,,,,,,,,
1137182863009936,"N Street Village - Main Office Hours",1194872069892643,604721858303896,,"Monday - Thursday",,,8:00AM,4:30PM,,,,,,,,
1105559485082130,"Nineteenth Baptist Food Pantry",1011096322447568,,,"Wednesday & Friday",,,9:00AM,12:00PM,,,,,,,,
1137278199980299,"Conway Health and Resource Center - Medical Hours - Saturday",573712074661708,1279229683648851,,Saturday,,,9:00AM,3:30PM,,,,,,,,
1137278199980299,"Conway Health and Resource Center - Medical Hours - Saturday",1107196998383990,1279229683648851,,Saturday,,,9:00AM,3:30PM,,,,,,,,
1153058029513279,"AARP Legal Counsel for the Elderly",805290013325766,978433964868542,,Monday,,,9:00AM,5:00PM,,,,,,,,
1153058029513279,"AARP Legal Counsel for the Elderly",982207553498582,978433964868542,,Monday,,,9:00AM,5:00PM,,,,,,,,
1153058029513279,"AARP Legal Counsel for the Elderly",954742655318156,978433964868542,,Monday,,,9:00AM,5:00PM,,,,,,,,
1153058029513279,"AARP Legal Counsel for the Elderly",1146427923405605,978433964868542,,Monday,,,9:00AM,5:00PM,,,,,,,,
1153058029513279,"AARP Legal Counsel for the Elderly",1108394531508208,978433964868542,,Monday,,,9:00AM,5:00PM,,,,,,,,
1153058029513279,"AARP Legal Counsel for the Elderly",1102203467116873,978433964868542,,Monday,,,9:00AM,5:00PM,,,,,,,,
1153058029513279,"AARP Legal Counsel for the Elderly",1122765390786822,978433964868542,,Monday,,,9:00AM,5:00PM,,,,,,,,
1155445837483426,"Welcome Center Drop-in Hours - Monday Morning",643156433763559,1260258325512587,,Monday,,,8:30AM,11:30AM,,,,,,,,
1106799266409790,"Mary's Center - Petworth Health Center - Behavioral Health ",570279198497703,1202618027693441,,"Monday - Friday",,,8:00AM,5:00PM,,,,,,,,
1106799266409790,"Mary's Center - Petworth Health Center - Behavioral Health ",567687090092713,1202618027693441,,"Monday - Friday",,,8:00AM,5:00PM,,,,,,,,
1106799266409790,"Mary's Center - Petworth Health Center - Behavioral Health ",615102245607234,1202618027693441,,"Monday - Friday",,,8:00AM,5:00PM,,,,,,,,
1106799266409790,"Mary's Center - Petworth Health Center - Behavioral Health ",1054654881182092,1202618027693441,,"Monday - Friday",,,8:00AM,5:00PM,,,,,,,,
1106799266409790,"Mary's Center - Petworth Health Center - Behavioral Health ",1073305429578122,1202618027693441,,"Monday - Friday",,,8:00AM,5:00PM,,,,,,,,
1106799266409790,"Mary's Center - Petworth Health Center - Behavioral Health ",1149133594765984,1202618027693441,,"Monday - Friday",,,8:00AM,5:00PM,,,,,,,,
1106799266409790,"Mary's Center - Petworth Health Center - Behavioral Health ",1171041183154896,1202618027693441,,"Monday - Friday",,,8:00AM,5:00PM,,,,,,,,
1106799266409790,"Mary's Center - Petworth Health Center - Behavioral Health ",1281873572081806,1202618027693441,,"Monday - Friday",,,8:00AM,5:00PM,,,,,,,,
1128677947729618,"Sixth Presbyterian Church",1011096322447568,,,"2nd & 4th Wednesday",,,12:00PM,,,,,,,,,
1147734698588683,"Brighter Day Ministries Food Pantry & Clothing Closet",1011096322447568,,,Wednesday-Thursday,,,11:00AM,2:00PM,,,,,,,,
1121761396617945,"Community Outreach and Development",1011096322447568,1195204292292590,,"Monday - Friday",,,9:00AM,5:00PM,,,,,,,,
1133259298817799,"Bread for the City Legal Clinic",851500386737857,,,Monday-Thursday,,,9:00AM,5:00PM,,,,,,,,
1161146557284538,"Welcome Center Drop-in Hours - Wed-Thur Afternoon",643156433763559,1260258325512587,,"Wednesday - Thursday",,,1:00PM,3:00PM,,,,,,,,
1199480495190503,"Martha's Table - Community Market - Commons",867810178957304,,,"Fourth Friday of each month",,,4:00PM,6:00PM,,,,,,,,
1200466560559152,"Marie Reed Health Center - Emotional Wellness Hours - Saturday",915604912347301,810081831183407,,Saturday,,,9:00AM,3:30PM,,,,,,,,
1169477915773659,"Legal Aid Society of DC - Main Office - General Intake - Monday",617717048691003,1284378916833442,,Monday,,,12:30PM,6:00PM,,,,,,,,
1169477915773659,"Legal Aid Society of DC - Main Office - General Intake - Monday",761788898992773,1284378916833442,,Monday,,,12:30PM,6:00PM,,,,,,,,
1169477915773659,"Legal Aid Society of DC - Main Office - General Intake - Monday",973325735749516,1284378916833442,,Monday,,,12:30PM,6:00PM,,,,,,,,
1169477915773659,"Legal Aid Society of DC - Main Office - General Intake - Monday",1245717986328193,1284378916833442,,Monday,,,12:30PM,6:00PM,,,,,,,,
1184491209256204,"Mary's Center - Petworth Health Center - Medical - Monday, Wednesday",771415038083007,1202618027693441,,"Monday, Wednesday",,,8:00AM,8:00PM,,,,,,,,
1184491209256204,"Mary's Center - Petworth Health Center - Medical - Monday, Wednesday",778121485505827,1202618027693441,,"Monday, Wednesday",,,8:00AM,8:00PM,,,,,,,,
1184491209256204,"Mary's Center - Petworth Health Center - Medical - Monday, Wednesday",927583086660595,1202618027693441,,"Monday, Wednesday",,,8:00AM,8:00PM,,,,,,,,
1184491209256204,"Mary's Center - Petworth Health Center - Medical - Monday, Wednesday",935391639326831,1202618027693441,,"Monday, Wednesday",,,8:00AM,8:00PM,,,,,,,,
1184491209256204,"Mary's Center - Petworth Health Center - Medical - Monday, Wednesday",1135119642997578,1202618027693441,,"Monday, Wednesday",,,8:00AM,8:00PM,,,,,,,,
1184491209256204,"Mary's Center - Petworth Health Center - Medical - Monday, Wednesday",1222212212143407,1202618027693441,,"Monday, Wednesday",,,8:00AM,8:00PM,,,,,,,,
1184491209256204,"Mary's Center - Petworth Health Center - Medical - Monday, Wednesday",1330210073954058,1202618027693441,,"Monday, Wednesday",,,8:00AM,8:00PM,,,,,,,,
1195932518500288,"Elaine Ellis - MD - Friday",778121485505827,1020706673677182,,Friday,,,9:00AM,2:00PM,,,,,,,,
1195932518500288,"Elaine Ellis - MD - Friday",891245636047663,1020706673677182,,Friday,,,9:00AM,2:00PM,,,,,,,,
1195932518500288,"Elaine Ellis - MD - Friday",953570402846759,1020706673677182,,Friday,,,9:00AM,2:00PM,,,,,,,,
1195932518500288,"Elaine Ellis - MD - Friday",1049005398980524,1020706673677182,,Friday,,,9:00AM,2:00PM,,,,,,,,
1195932518500288,"Elaine Ellis - MD - Friday",1134389546347902,1020706673677182,,Friday,,,9:00AM,2:00PM,,,,,,,,
1195932518500288,"Elaine Ellis - MD - Friday",1225681361275050,1020706673677182,,Friday,,,9:00AM,2:00PM,,,,,,,,
1199810856302974,"VWFRC - Fri",603580181050118,584215858451001,,Friday,,,8:00AM,12:00PM,,,,,,,,
1199810856302974,"VWFRC - Fri",781718626017793,584215858451001,,Friday,,,8:00AM,12:00PM,,,,,,,,
1199810856302974,"VWFRC - Fri",1207720606469506,584215858451001,,Friday,,,8:00AM,12:00PM,,,,,,,,
1157784454037653,"Vida Senior Centers Main Hours",1049005398980524,,,"Monday - Friday",,,9:00AM,5:00PM,,,,,,,,
1179944668219162,"McKenna's Wagon - 15th and K St., NW",1298850689126022,849213479290179,,"Sunday - Saturday",,,6:15PM,6:45PM,,,,,,,,
1171433310715350,"Everyone Home DC Headquarters - Afternoons",718763768520855,712658990764743,,Monday-Friday,,,2:00PM,5:00PM,,,,,,,,
1171433310715350,"Everyone Home DC Headquarters - Afternoons",848785574110592,712658990764743,,Monday-Friday,,,2:00PM,5:00PM,,,,,,,,
1171433310715350,"Everyone Home DC Headquarters - Afternoons",926618827303169,712658990764743,,Monday-Friday,,,2:00PM,5:00PM,,,,,,,,
1171433310715350,"Everyone Home DC Headquarters - Afternoons",960664065602895,712658990764743,,Monday-Friday,,,2:00PM,5:00PM,,,,,,,,
1224864827208470,"ACSGW Office Hours",870510285799257,1117118492901641,,"Monday - Thursday",,,10:00AM,2:30PM,,,,,,,,
1224864827208470,"ACSGW Office Hours",1193500689688597,1117118492901641,,"Monday - Thursday",,,10:00AM,2:30PM,,,,,,,,
1175231291211959,"Crowder Food Bank - Appointments",1011096322447568,,,"Tuesday & Thursday",,,10:00AM,3:00PM,,,,,,,,
1186395037657157,"UPO Comprehensive Treatment Center - Saturday",896329421364349,669512480103420,,Saturday,,,7:00AM,11:00AM,,,,,,,,
1209041233730116,"Mc Kendree UMC - Food and Clothing",1011096322447568,,,Friday,,,10:00AM,2:00PM,,,,,,,,
1243611708948123,Yachad,787172371237208,,,"Monday - Friday",,,9:00AM,5:00PM,,,,,,,,
1242781564693247,"City of Praise Food Pantry",1011096322447568,,,"Tuesday & Thursday",,,4:30PM,6:00PM,,,,,,,,
1244077749546922,"Martha's Table - Rita Bright - Community Market",867810178957304,1280629114863869,,"Last Thursday of each month",,,10:00AM,12:00PM,,,,,,,,
1194392879452676,"Far Southeast Family Strengthening Collaborative - Tue, Thur",618510425235763,,,"Tuesday, Thursday",,,9:00AM,8:00PM,,,,,,,,
1194392879452676,"Far Southeast Family Strengthening Collaborative - Tue, Thur",678336489867060,,,"Tuesday, Thursday",,,9:00AM,8:00PM,,,,,,,,
1194392879452676,"Far Southeast Family Strengthening Collaborative - Tue, Thur",763106931954514,,,"Tuesday, Thursday",,,9:00AM,8:00PM,,,,,,,,
1194392879452676,"Far Southeast Family Strengthening Collaborative - Tue, Thur",936906190018086,,,"Tuesday, Thursday",,,9:00AM,8:00PM,,,,,,,,
1194392879452676,"Far Southeast Family Strengthening Collaborative - Tue, Thur",954270986825825,,,"Tuesday, Thursday",,,9:00AM,8:00PM,,,,,,,,
1194392879452676,"Far Southeast Family Strengthening Collaborative - Tue, Thur",949725297401271,,,"Tuesday, Thursday",,,9:00AM,8:00PM,,,,,,,,
1194392879452676,"Far Southeast Family Strengthening Collaborative - Tue, Thur",1277554928342075,,,"Tuesday, Thursday",,,9:00AM,8:00PM,,,,,,,,
1239905610045057,"Mary's Center - Fort Totten - Medical Hours",771415038083007,953875575104132,,"Monday - Friday",,,8:00AM,6:00PM,,,,,,,,
1239905610045057,"Mary's Center - Fort Totten - Medical Hours",778121485505827,953875575104132,,"Monday - Friday",,,8:00AM,6:00PM,,,,,,,,
1239905610045057,"Mary's Center - Fort Totten - Medical Hours",927583086660595,953875575104132,,"Monday - Friday",,,8:00AM,6:00PM,,,,,,,,
1239905610045057,"Mary's Center - Fort Totten - Medical Hours",935391639326831,953875575104132,,"Monday - Friday",,,8:00AM,6:00PM,,,,,,,,
1239905610045057,"Mary's Center - Fort Totten - Medical Hours",1135119642997578,953875575104132,,"Monday - Friday",,,8:00AM,6:00PM,,,,,,,,
1239905610045057,"Mary's Center - Fort Totten - Medical Hours",1222212212143407,953875575104132,,"Monday - Friday",,,8:00AM,6:00PM,,,,,,,,
1239905610045057,"Mary's Center - Fort Totten - Medical Hours",1330210073954058,953875575104132,,"Monday - Friday",,,8:00AM,6:00PM,,,,,,,,
1256040996018645,"Conway Health and Resource Center -  Emotional Wellness Hours  - Thursday",915604912347301,1279229683648851,,Thursday,,,8:30AM,8:00PM,,,,,,,,
1256040996018645,"Conway Health and Resource Center -  Emotional Wellness Hours  - Thursday",1086669106439677,1279229683648851,,Thursday,,,8:30AM,8:00PM,,,,,,,,
1264033974254119,"UPO Comprehensive Treatment Center - Mon-Fri",896329421364349,669512480103420,,"Monday - Friday (closed 1-2pm)",,,9:45AM,6:00PM,,,,,,,,
1224910271497053,"Elaine Ellis - DC - Friday",778121485505827,1114551742239605,,Friday,,,9:30AM,2:00PM,,,,,,,,
1224910271497053,"Elaine Ellis - DC - Friday",891245636047663,1114551742239605,,Friday,,,9:30AM,2:00PM,,,,,,,,
1224910271497053,"Elaine Ellis - DC - Friday",953570402846759,1114551742239605,,Friday,,,9:30AM,2:00PM,,,,,,,,
1224910271497053,"Elaine Ellis - DC - Friday",1049005398980524,1114551742239605,,Friday,,,9:30AM,2:00PM,,,,,,,,
1224910271497053,"Elaine Ellis - DC - Friday",1134389546347902,1114551742239605,,Friday,,,9:30AM,2:00PM,,,,,,,,
1224910271497053,"Elaine Ellis - DC - Friday",1225681361275050,1114551742239605,,Friday,,,9:30AM,2:00PM,,,,,,,,
1287674050055454,"Covenant House Washington",631018985097612,1205691016832902,,"Monday - Friday",,,8:00AM,6:00PM,,,,,,,,
1287674050055454,"Covenant House Washington",605021814890791,1205691016832902,,"Monday - Friday",,,8:00AM,6:00PM,,,,,,,,
1287674050055454,"Covenant House Washington",656227428086310,1205691016832902,,"Monday - Friday",,,8:00AM,6:00PM,,,,,,,,
1287674050055454,"Covenant House Washington",767973914805055,1205691016832902,,"Monday - Friday",,,8:00AM,6:00PM,,,,,,,,
1287674050055454,"Covenant House Washington",890897735410541,1205691016832902,,"Monday - Friday",,,8:00AM,6:00PM,,,,,,,,
1287674050055454,"Covenant House Washington",951898939560579,1205691016832902,,"Monday - Friday",,,8:00AM,6:00PM,,,,,,,,
1287674050055454,"Covenant House Washington",1011096322447568,1205691016832902,,"Monday - Friday",,,8:00AM,6:00PM,,,,,,,,
1287674050055454,"Covenant House Washington",1109422900006648,1205691016832902,,"Monday - Friday",,,8:00AM,6:00PM,,,,,,,,
1287674050055454,"Covenant House Washington",1099503418949118,1205691016832902,,"Monday - Friday",,,8:00AM,6:00PM,,,,,,,,
1287674050055454,"Covenant House Washington",1162872937044136,1205691016832902,,"Monday - Friday",,,8:00AM,6:00PM,,,,,,,,
1285390265766504,"Hughes Memorial UMC - Clothing & Food Pantry",1011096322447568,,,"Second Saturday",,,11:00AM,1:00PM,,,,,,,,
1243886507260834,"Central Union Emergency Shelter",573712074661708,1139106965939659,,"Monday - Friday",,,7:30AM,10:00PM,,,,,,,,
1278111949794095,"UPO Petey Greene - Mon-Fri",790527027022440,1288442867873978,,"Monday - Friday",,,9:45AM,6:00PM,,,,,,,,
1278111949794095,"UPO Petey Greene - Mon-Fri",782329565925103,1288442867873978,,"Monday - Friday",,,9:45AM,6:00PM,,,,,,,,
1278111949794095,"UPO Petey Greene - Mon-Fri",828103015767690,1288442867873978,,"Monday - Friday",,,9:45AM,6:00PM,,,,,,,,
1278111949794095,"UPO Petey Greene - Mon-Fri",824403148838289,1288442867873978,,"Monday - Friday",,,9:45AM,6:00PM,,,,,,,,
1278111949794095,"UPO Petey Greene - Mon-Fri",823287765002075,1288442867873978,,"Monday - Friday",,,9:45AM,6:00PM,,,,,,,,
1278111949794095,"UPO Petey Greene - Mon-Fri",925701018774057,1288442867873978,,"Monday - Friday",,,9:45AM,6:00PM,,,,,,,,
1278111949794095,"UPO Petey Greene - Mon-Fri",957811011700764,1288442867873978,,"Monday - Friday",,,9:45AM,6:00PM,,,,,,,,
1278111949794095,"UPO Petey Greene - Mon-Fri",944606179638640,1288442867873978,,"Monday - Friday",,,9:45AM,6:00PM,,,,,,,,
1278111949794095,"UPO Petey Greene - Mon-Fri",1097124274962034,1288442867873978,,"Monday - Friday",,,9:45AM,6:00PM,,,,,,,,
1278111949794095,"UPO Petey Greene - Mon-Fri",1131822692438420,1288442867873978,,"Monday - Friday",,,9:45AM,6:00PM,,,,,,,,
1278111949794095,"UPO Petey Greene - Mon-Fri",1115773035158894,1288442867873978,,"Monday - Friday",,,9:45AM,6:00PM,,,,,,,,
1278111949794095,"UPO Petey Greene - Mon-Fri",1222343403264201,1288442867873978,,"Monday - Friday",,,9:45AM,6:00PM,,,,,,,,
1278111949794095,"UPO Petey Greene - Mon-Fri",1234923855165980,1288442867873978,,"Monday - Friday",,,9:45AM,6:00PM,,,,,,,,
1278111949794095,"UPO Petey Greene - Mon-Fri",1272403811888637,1288442867873978,,"Monday - Friday",,,9:45AM,6:00PM,,,,,,,,
1278111949794095,"UPO Petey Greene - Mon-Fri",1274090737385222,1288442867873978,,"Monday - Friday",,,9:45AM,6:00PM,,,,,,,,
1278111949794095,"UPO Petey Greene - Mon-Fri",1244177955657488,1288442867873978,,"Monday - Friday",,,9:45AM,6:00PM,,,,,,,,
1292549721181529,"Dupont Park SDA - Food Pantry + Clothing Closet - Tuesdays",1011096322447568,,,"First, second, and fourth Tuesday of the month",,,9:30AM,12:00PM,,,,,,,,
1306923898154738,"Martha's Table Headquarters at the Commons - Extended Market Hours",925876618282340,636848661261240,,Tuesday,,,11:00AM,6:00PM,,,,,,,,
1247715322871940,"N Street Village - Unity Health Clinic",1146482188745759,,,"Tuesday & Thursday",,,9:00AM,12:00PM,,,,,,,,
1284034006557656,"Marie Reed Health Center - Dental Hours - Mon, Tue, Thur, Fri",1225681361275050,810081831183407,,"Mon, Tue, Thur, Fri",,,9:00AM,5:00PM,,,,,,,,
1284813420872854,"Elaine Ellis - DC - Mon & Wed",778121485505827,1114551742239605,,"Monday & Wednesday",,,9:00AM,6:00PM,,,,,,,,
1284813420872854,"Elaine Ellis - DC - Mon & Wed",891245636047663,1114551742239605,,"Monday & Wednesday",,,9:00AM,6:00PM,,,,,,,,
1284813420872854,"Elaine Ellis - DC - Mon & Wed",953570402846759,1114551742239605,,"Monday & Wednesday",,,9:00AM,6:00PM,,,,,,,,
1284813420872854,"Elaine Ellis - DC - Mon & Wed",1049005398980524,1114551742239605,,"Monday & Wednesday",,,9:00AM,6:00PM,,,,,,,,
1284813420872854,"Elaine Ellis - DC - Mon & Wed",1134389546347902,1114551742239605,,"Monday & Wednesday",,,9:00AM,6:00PM,,,,,,,,
1284813420872854,"Elaine Ellis - DC - Mon & Wed",1225681361275050,1114551742239605,,"Monday & Wednesday",,,9:00AM,6:00PM,,,,,,,,
1261898329520826,"Family Health and Birth Center - Emotional Wellness - Tuesday",621585086191000,898004780647297,,Tuesday,,,8:30AM,8:00PM,,,,,,,,
1261898329520826,"Family Health and Birth Center - Emotional Wellness - Tuesday",915604912347301,898004780647297,,Tuesday,,,8:30AM,8:00PM,,,,,,,,
1261898329520826,"Family Health and Birth Center - Emotional Wellness - Tuesday",1185359834982349,898004780647297,,Tuesday,,,8:30AM,8:00PM,,,,,,,,
1300752151799822,"Martha's Table Headquarters at the Commons - Market Hours",925876618282340,636848661261240,,"Monday, Wednesday-Friday",,,11:00AM,4:00PM,,,,,,,,
1324986067958938,"Marie Reed Health Center - Medical Hours - Sat",573712074661708,810081831183407,,Saturday,,,9:00AM,3:30PM,,,,,,,,
1324986067958938,"Marie Reed Health Center - Medical Hours - Sat",1107196998383990,810081831183407,,Saturday,,,9:00AM,3:30PM,,,,,,,,
1323454328809962,"La Casa Community Health Action Center",619865391321510,1247065547409159,,"Monday - Friday",,,9:00AM,5:00PM,,,,,,,,
1323454328809962,"La Casa Community Health Action Center",1163788260715796,1247065547409159,,"Monday - Friday",,,9:00AM,5:00PM,,,,,,,,
1323454328809962,"La Casa Community Health Action Center",1182835937166583,1247065547409159,,"Monday - Friday",,,9:00AM,5:00PM,,,,,,,,
1323454328809962,"La Casa Community Health Action Center",1171107809657948,1247065547409159,,"Monday - Friday",,,9:00AM,5:00PM,,,,,,,,
1331086012374481,"LCDP - 15th St Wednesday",770730332028956,1116757915659329,,Wednesday,,,8:30AM,8:00PM,,,,,,,,
1331086012374481,"LCDP - 15th St Wednesday",841673521697595,1116757915659329,,Wednesday,,,8:30AM,8:00PM,,,,,,,,
1331086012374481,"LCDP - 15th St Wednesday",948838805132982,1116757915659329,,Wednesday,,,8:30AM,8:00PM,,,,,,,,
1331086012374481,"LCDP - 15th St Wednesday",952194300736035,1116757915659329,,Wednesday,,,8:30AM,8:00PM,,,,,,,,
1331086012374481,"LCDP - 15th St Wednesday",1095497824033311,1116757915659329,,Wednesday,,,8:30AM,8:00PM,,,,,,,,
1331086012374481,"LCDP - 15th St Wednesday",1095945124402776,1116757915659329,,Wednesday,,,8:30AM,8:00PM,,,,,,,,
1331086012374481,"LCDP - 15th St Wednesday",1099208107604478,1116757915659329,,Wednesday,,,8:30AM,8:00PM,,,,,,,,
1331086012374481,"LCDP - 15th St Wednesday",1182835937166583,1116757915659329,,Wednesday,,,8:30AM,8:00PM,,,,,,,,
1331086012374481,"LCDP - 15th St Wednesday",1171107809657948,1116757915659329,,Wednesday,,,8:30AM,8:00PM,,,,,,,,
1331086012374481,"LCDP - 15th St Wednesday",1252999982476801,1116757915659329,,Wednesday,,,8:30AM,8:00PM,,,,,,,,
1331086012374481,"LCDP - 15th St Wednesday",1281848063989826,1116757915659329,,Wednesday,,,8:30AM,8:00PM,,,,,,,,
1334350080962031,"Marie Reed Health Center - Dental Hours - Wednesday",1225681361275050,810081831183407,,Wednesday,,,9:00AM,6:00PM,,,,,,,,
1338504372190060,"Marie Reed Health Center - Emotional Wellness Hours - Mon, Tue, Thur, Fri",915604912347301,810081831183407,,"Mon, Tue, Thur, Fri",,,8:30AM,5:00PM,,,,,,,,
1338861885600901,,1287524810502357,,,,,,,,,,,monday,,,,
1338861885600902,,1287524810502357,,,,,,,,,,,tuesday,,,,
1338861885600903,,1287524810502357,,,,,,,,,,,wednesday,,,,
1338861885600904,,1287524810502357,,,,,,,,,,,thursday,,,,
1338861885600905,,1287524810502357,,,,,,,,,,,friday,,,,
1338861885600906,,1287524810502357,,,,,,,,,,,saturday,,,,
1338861885600907,,1287524810502357,,,,,,,,,,,sunday,,,,
1338861885600929,,1166038612489262,,,,,,,,,,,monday,,,,
1338861885600930,,1166038612489262,,,,,,,,,,,tuesday,,,,
1338861885600931,,1166038612489262,,,,,,,,,,,wednesday,,,,
1338861885600932,,1166038612489262,,,,,,,,,,,thursday,,,,
1338861885600933,,1166038612489262,,,,,,,,,,,friday,,,,
1338861885600934,,1166038612489262,,,,,,,,,,,saturday,,,,
1338861885600935,,1166038612489262,,,,,,,,,,,sunday,,,,
1338861885600954,,1102032278098336,,,,,,,,,,,monday,,,,
1338861885600955,,1102032278098336,,,,,,,,,,,tuesday,,,,
1338861885600956,,1102032278098336,,,,,,,,,,,wednesday,,,,
1338861885600957,,1102032278098336,,,,,,,,,,,thursday,,,,
1338861885600958,,1102032278098336,,,,,,,,,,,friday,,,,
1338861885600959,,1102032278098336,,,,,,,,,,,saturday,,,,
1338861885600960,,1102032278098336,,,,,,,,,,,sunday,,,,
1338861885600977,,1280097613047736,,,,,,,,,,,monday,,,,
1338861885600978,,1280097613047736,,,,,,,,,,,tuesday,,,,
1338861885600979,,1280097613047736,,,,,,,,,,,wednesday,,,,
1338861885600980,,1280097613047736,,,,,,,,,,,thursday,,,,
1338861885600981,,1280097613047736,,,,,,,,,,,friday,,,,
1338861885600982,,1280097613047736,,,,,,,,,,,saturday,,,,
1338861885600983,,1280097613047736,,,,,,,,,,,sunday,,,,
1338861885601086,,882977120503000,,,,,,,,,,,monday,,,,
1338861885601087,,882977120503000,,,,,,,,,,,tuesday,,,,
1338861885601088,,882977120503000,,,,,,,,,,,wednesday,,,,
1338861885601089,,882977120503000,,,,,,,,,,,thursday,,,,
1338861885601090,,882977120503000,,,,,,,,,,,friday,,,,
1338861885601091,,882977120503000,,,,,,,,,,,saturday,,,,
1338861885601092,,882977120503000,,,,,,,,,,,sunday,,,,
1338861885601093,,882977120503000,,,,,,,,,,,,,,,
1338861885601095,,569553997851039,,,,,,,,,,,monday,,,,
1338861885601096,,569553997851039,,,,,,,,,,,tuesday,,,,
1338861885601097,,569553997851039,,,,,,,,,,,wednesday,,,,
1338861885601098,,569553997851039,,,,,,,,,,,thursday,,,,
1338861885601099,,569553997851039,,,,,,,,,,,friday,,,,
1338861885601100,,569553997851039,,,,,,,,,,,saturday,,,,
1338861885601101,,569553997851039,,,,,,,,,,,sunday,,,,
1338861885601102,,569553997851039,,,,,,,,,,,,,,,
1338861885601103,,893238959562564,,,,,,,,,,,monday,,,,
1338861885601104,,893238959562564,,,,,,,,,,,tuesday,,,,
1338861885601105,,893238959562564,,,,,,,,,,,wednesday,,,,
1338861885601106,,893238959562564,,,,,,,,,,,thursday,,,,
1338861885601107,,893238959562564,,,,,,,,,,,friday,,,,
1338861885601108,,893238959562564,,,,,,,,,,,saturday,,,,
1338861885601109,,893238959562564,,,,,,,,,,,sunday,,,,
1338861885601112,,1227451026876891,,,,,,,,,,,monday,,,,
1338861885601113,,1227451026876891,,,,,,,,,,,tuesday,,,,
1338861885601114,,1227451026876891,,,,,,,,,,,wednesday,,,,
1338861885601115,,1227451026876891,,,,,,,,,,,thursday,,,,
1338861885601116,,1227451026876891,,,,,,,,,,,friday,,,,
1338861885601117,,1227451026876891,,,,,,,,,,,saturday,,,,
1338861885601118,,1227451026876891,,,,,,,,,,,sunday,,,,
1338861885601200,,893238959562564,,,,,,,,,,,,,,,
1338861885601318,,1102032278098336,,,,,,,,,,,,,,,
1338861885601319,,864041028832460,,,,,,,,,,,monday,,,,
1338861885601320,,864041028832460,,,,,,,,,,,tuesday,,,,
1338861885601321,,864041028832460,,,,,,,,,,,wednesday,,,,
1338861885601322,,864041028832460,,,,,,,,,,,thursday,,,,
1338861885601323,,864041028832460,,,,,,,,,,,friday,,,,
1338861885601324,,864041028832460,,,,,,,,,,,saturday,,,,
1338861885601325,,864041028832460,,,,,,,,,,,sunday,,,,
1338861885601335,,864041028832460,,,,,,,,,,,,,,,
1338861885601339,,1227451026876891,,,,,,,,,,,,,,,
1338861885601340,,635645258311778,,,,,,,,,,,monday,,,,
1338861885601341,,635645258311778,,,,,,,,,,,tuesday,,,,
1338861885601342,,635645258311778,,,,,,,,,,,wednesday,,,,
1338861885601343,,635645258311778,,,,,,,,,,,thursday,,,,
1338861885601344,,635645258311778,,,,,,,,,,,friday,,,,
1338861885601345,,635645258311778,,,,,,,,,,,saturday,,,,
1338861885601346,,635645258311778,,,,,,,,,,,sunday,,,,
1338861885601347,,635645258311778,,,,,,,,,,,,,,,
1338861885601350,,643973730285080,,,,,,,,,,,monday,,,,
1338861885601351,,643973730285080,,,,,,,,,,,tuesday,,,,
1338861885601352,,643973730285080,,,,,,,,,,,wednesday,,,,
1338861885601353,,643973730285080,,,,,,,,,,,thursday,,,,
1338861885601354,,643973730285080,,,,,,,,,,,friday,,,,
1338861885601355,,643973730285080,,,,,,,,,,,saturday,,,,
1338861885601356,,643973730285080,,,,,,,,,,,sunday,,,,
1338861885601382,,1280097613047736,,,,,,,,,,,,,,,
1338861885601391,,834474801815094,,,,,,,,,,,monday,,,,
1338861885601392,,834474801815094,,,,,,,,,,,tuesday,,,,
1338861885601393,,834474801815094,,,,,,,,,,,wednesday,,,,
1338861885601394,,834474801815094,,,,,,,,,,,thursday,,,,
1338861885601395,,834474801815094,,,,,,,,,,,friday,,,,
1338861885601396,,834474801815094,,,,,,,,,,,saturday,,,,
1338861885601397,,834474801815094,,,,,,,,,,,sunday,,,,
1338861885601406,,834474801815094,,,,,,,,,,,,,,,
1338861885601424,,643973730285080,,,,,,,,,,,,,,,
